commit_id,employe_id,action,description,heure
L001,E02,commit,Mise à jour module de prédiction,2025-10-15 09:30:00
L002,E03,merge,Fusion branche de développement,2025-10-15 09:45:00
L003,E12,commit,Correction bug affichage interface,2025-10-15 10:10:00
L004,E04,review,Revue de code pour sécurité,2025-10-15 10:20:00
L005,E17,commit,Ajout de nouvelles métriques,2025-10-15 10:50:00
L006,E21,commit,Implémentation API externe,2025-10-15 11:15:00
L007,E32,commit,Refactorisation algorithme de clustering,2025-10-15 11:30:00
L008,E02,update,Mise à jour des dépendances Python,2025-10-15 12:00:00
L009,E40,commit,Optimisation de la base de données,2025-10-15 12:45:00
L010,E03,commit,"Ajout de fonctionnalités ""Chimera""",2025-10-15 13:30:00
L011,E08,commit,Correction de vulnérabilités XSS,2025-10-15 14:00:00
L012,E14,commit,Amélioration du design CSS,2025-10-15 14:15:00
L013,E01,delete,L'Effaceur de Traces,2025-10-15 14:30:00
L014,E27,commit,Implémentation authentification 2FA,2025-10-15 15:00:00
L015,E37,commit,Configuration CI/CD,2025-10-15 15:30:00
L016,E46,merge,Synchronisation des branches,2025-10-15 16:00:00
L017,E02,commit,Tests unitaires module de sécurité,2025-10-15 16:45:00
L018,E04,commit,Durcissement des politiques firewall,2025-10-15 17:00:00
L019,E54,commit,Rapport d'analyse de données,2025-10-15 17:30:00
L020,E01,commit,"Finalisation modèle ""Chimera"" v2.0",2025-10-15 17:50:00
L021,E10,update,Mise à jour du site vitrine,2025-10-15 18:00:00
L022,E13,delete,Suppression anciens rapports clients,2025-10-15 18:15:00
L023,E03,commit,Ajout derniers correctifs Project Chimera,2025-10-15 18:30:00
L024,E20,commit,Optimisation pipeline de données,2025-10-15 18:45:00
L025,E23,review,Revue du code ML,2025-10-15 19:00:00
L026,E04,delete,Nettoyage des fichiers temporaires,2025-10-15 19:10:00
L027,E02,delete,Suppression de scripts obsolètes,2025-10-15 19:20:00
L028,E33,commit,Mise en place de détection d'intrusion,2025-10-15 19:40:00
L029,E15,commit,Mise à jour firmware routeur,2025-10-15 20:00:00
L030,E01,commit,"Sauvegarde finale ""Chimera"" avant déploiement",2025-10-15 20:15:00
L031,E06,review,Audit de sécurité code,2025-10-15 20:30:00
L032,E07,commit,Expérimentation nouvelle méthode de visualisation,2025-10-15 20:45:00
L033,E31,commit,Déploiement microservice d'analyse,2025-10-15 21:00:00
L034,E19,commit,Tests d'intégration automatisés,2025-10-15 21:30:00
L035,E41,commit,Documentation API interne,2025-10-15 22:00:00
L036,E59,commit,Optimisation de la gestion des erreurs,2025-10-15 22:30:00
L037,E02,commit,Préparation de la démo client,2025-10-15 23:00:00
L038,E03,commit,Correctifs post-revue Project Chimera,2025-10-15 23:30:00
L039,E04,commit,Vérification des logs système,2025-10-15 23:50:00
L040,E01,delete,Nettoyage des logs de test,2025-10-16 00:05:00
L041,E11,commit,Ajout de nouvelles fonctionnalités,2025-10-16 00:30:00
L042,E16,update,Mise à jour des spécifications produit,2025-10-16 01:00:00
L043,E24,commit,Développement d'une nouvelle fonctionnalité,2025-10-16 01:30:00
L044,E30,commit,Rédaction du plan de projet,2025-10-16 02:00:00
L045,E36,commit,Analyse des données de marché,2025-10-16 02:30:00